[
    {
        "id": "user_693da7c0df88c4.13802234",
        "name": "Anil Sharma",
        "email": "anil.codematrix@gmail.com",
        "password": "$2y$10$5Swzyh.Yhi99CkbDBcJoHeM\/DnSdrDYZx9CSCyFC\/Kj2kA2cOFADK",
        "registered_at": "2025-12-13 18:52:00"
    },
    {
        "id": "user_693dab3441b585.43404490",
        "name": "Anil Sharma",
        "email": "anil@gmail.com",
        "password": "$2y$10$HGdhTTw276vp\/.h5CWO11.YDi61CGsNEfbBt9vk16snclGPzcIU56",
        "registered_at": "2025-12-13 19:06:44"
    },
    {
        "id": "user_693db11fda0396.91318604",
        "name": "Anil",
        "email": "sharma@gmail.com",
        "password": "$2y$10$v9MRh6g.35WJWVpIVNMVIeApLE1stYeROpraxOHWtpR1HhZvgJmJa",
        "registered_at": "2025-12-13 19:31:59"
    },
    {
        "id": "user_693f8cfc9dfbb5.12589999",
        "name": "Anil Sharma",
        "email": "np03cs4a240373@heraldcollege.edu.np",
        "password": "$2y$10$kawZWdkTsKabTnkqGmdhsuG2q0F68HKZEWLTf6X3L7oslw83bxcM6",
        "registered_at": "2025-12-15 05:22:20"
    }
]